Height	Wight	Size	EuclideanDistance		
158	58	M	4.242640687		
158	59	M	3.605551275		
158	63	M	3.605551275		
160	59	M	2.236067977	3	
160	60	M	1.414213562	1	
163	60	M	2.236067977	4	
163	61	M	2	2	
160	64	L	3.16227766	5	5
163	64	L	3.605551275		
165	61	L	4		
165	62	L	4.123105626		
165	65	L	5.656854249		
168	62	L	7.071067812		
168	63	L	7.280109889		
168	66	L	8.602325267		
170	63	L	9.219544457		
170	64	L	9.486832981		
170	68	L	11.40175425		
